<?xml version="1.0" encoding="UTF-8"?>
<GenRun Id="synth_1" LaunchPart="xc7z020clg400-1" LaunchTime="1668293184">
  <File Type="RDS-DCP" Name="design_1_wrapper.dcp"/>
  <File Type="RDS-UTIL-PB" Name="design_1_wrapper_utilization_synth.pb"/>
  <File Type="PA-TCL" Name="design_1_wrapper.tcl"/>
  <File Type="RDS-UTIL" Name="design_1_wrapper_utilization_synth.rpt"/>
  <File Type="REPORTS-TCL" Name="design_1_wrapper_reports.tcl"/>
  <File Type="RDS-RDS" Name="design_1_wrapper.vds"/>
  <FileSet Name="sources" Type="DesignSrcs" RelSrcDir="$PSRCDIR/sources_1" RelGenDir="$PGENDIR/sources_1">
    <Filter Type="Srcs"/>
    <File Path="$PSRCDIR/sources_1/imports/Fall_2022/proj2/define.vh">
      <FileInfo>
        <Attr Name="ImportPath" Val="$PPRDIR/../../../../gt-cs3220.github.io/Fall_2022/proj2/define.vh"/>
        <Attr Name="ImportTime" Val="1668209889"/>
        <Attr Name="UsedIn" Val="synthesis"/>
        <Attr Name="UsedIn" Val="simulation"/>
      </FileInfo>
    </File>
    <File Path="$PSRCDIR/sources_1/imports/Fall_2022/proj2/agex_stage.v">
      <FileInfo>
        <Attr Name="ImportPath" Val="$PPRDIR/../../../../gt-cs3220.github.io/Fall_2022/proj2/agex_stage.v"/>
        <Attr Name="ImportTime" Val="1668204705"/>
        <Attr Name="UsedIn" Val="synthesis"/>
        <Attr Name="UsedIn" Val="implementation"/>
        <Attr Name="UsedIn" Val="simulation"/>
      </FileInfo>
    </File>
    <File Path="$PSRCDIR/sources_1/imports/Fall_2022/proj2/mem_stage.v">
      <FileInfo>
        <Attr Name="ImportPath" Val="$PPRDIR/../../../../gt-cs3220.github.io/Fall_2022/proj2/mem_stage.v"/>
        <Attr Name="ImportTime" Val="1668130911"/>
        <Attr Name="UsedIn" Val="synthesis"/>
        <Attr Name="UsedIn" Val="implementation"/>
        <Attr Name="UsedIn" Val="simulation"/>
      </FileInfo>
    </File>
    <File Path="$PSRCDIR/sources_1/imports/Fall_2022/proj2/pipeline.v">
      <FileInfo>
        <Attr Name="ImportPath" Val="$PPRDIR/../../../../gt-cs3220.github.io/Fall_2022/proj2/pipeline.v"/>
        <Attr Name="ImportTime" Val="1668207541"/>
        <Attr Name="UsedIn" Val="synthesis"/>
        <Attr Name="UsedIn" Val="implementation"/>
        <Attr Name="UsedIn" Val="simulation"/>
      </FileInfo>
    </File>
    <File Path="$PSRCDIR/sources_1/imports/Fall_2022/proj2/wb_stage.v">
      <FileInfo>
        <Attr Name="ImportPath" Val="$PPRDIR/../../../../gt-cs3220.github.io/Fall_2022/proj2/wb_stage.v"/>
        <Attr Name="ImportTime" Val="1668130911"/>
        <Attr Name="UsedIn" Val="synthesis"/>
        <Attr Name="UsedIn" Val="implementation"/>
        <Attr Name="UsedIn" Val="simulation"/>
      </FileInfo>
    </File>
    <File Path="$PSRCDIR/sources_1/imports/Fall_2022/proj2/de_stage.v">
      <FileInfo SFType="SVerilog">
        <Attr Name="ImportPath" Val="$PPRDIR/../../../../gt-cs3220.github.io/Fall_2022/proj2/de_stage.v"/>
        <Attr Name="ImportTime" Val="1668206434"/>
        <Attr Name="UsedIn" Val="synthesis"/>
        <Attr Name="UsedIn" Val="implementation"/>
        <Attr Name="UsedIn" Val="simulation"/>
      </FileInfo>
    </File>
    <File Path="$PSRCDIR/sources_1/imports/Fall_2022/proj2/fe_stage.v">
      <FileInfo SFType="SVerilog">
        <Attr Name="ImportPath" Val="$PPRDIR/../../../../gt-cs3220.github.io/Fall_2022/proj2/fe_stage.v"/>
        <Attr Name="ImportTime" Val="1668206123"/>
        <Attr Name="UsedIn" Val="synthesis"/>
        <Attr Name="UsedIn" Val="implementation"/>
        <Attr Name="UsedIn" Val="simulation"/>
      </FileInfo>
    </File>
    <File Path="$PSRCDIR/sources_1/imports/Fall_2022/proj4/project2_frame.v">
      <FileInfo>
        <Attr Name="ImportPath" Val="$PPRDIR/../../../../gt-cs3220.github.io/Fall_2022/proj4/project2_frame.v"/>
        <Attr Name="ImportTime" Val="1668209428"/>
        <Attr Name="UsedIn" Val="synthesis"/>
        <Attr Name="UsedIn" Val="implementation"/>
        <Attr Name="UsedIn" Val="simulation"/>
      </FileInfo>
    </File>
    <File Path="$PSRCDIR/sources_1/bd/design_1/design_1.bd">
      <FileInfo>
        <Attr Name="ImportPath" Val="$PPRDIR/../../../../project_4-pt2/project_4-pt2.srcs/sources_1/bd/design_1/design_1.bd"/>
        <Attr Name="ImportTime" Val="1668295129"/>
        <Attr Name="UsedIn" Val="synthesis"/>
        <Attr Name="UsedIn" Val="implementation"/>
        <Attr Name="UsedIn" Val="simulation"/>
      </FileInfo>
    </File>
    <File Path="$PSRCDIR/sources_1/imports/design_1_wrapper.v">
      <FileInfo>
        <Attr Name="ImportPath" Val="$PPRDIR/../../../../project_4-pt2/project_4-pt2.gen/sources_1/bd/design_1/hdl/design_1_wrapper.v"/>
        <Attr Name="ImportTime" Val="1668293170"/>
        <Attr Name="UsedIn" Val="synthesis"/>
        <Attr Name="UsedIn" Val="implementation"/>
        <Attr Name="UsedIn" Val="simulation"/>
      </FileInfo>
    </File>
    <File Path="$PSRCDIR/sources_1/imports/Fall_2022/proj4/tb_project2.v">
      <FileInfo>
        <Attr Name="AutoDisabled" Val="1"/>
        <Attr Name="ImportPath" Val="$PPRDIR/../../../../gt-cs3220.github.io/Fall_2022/proj4/tb_project2.v"/>
        <Attr Name="ImportTime" Val="1668210872"/>
        <Attr Name="UsedIn" Val="synthesis"/>
        <Attr Name="UsedIn" Val="implementation"/>
        <Attr Name="UsedIn" Val="simulation"/>
      </FileInfo>
    </File>
    <File Path="$PSRCDIR/sources_1/imports/Fall_2022/proj2/tests/towers/util.h">
      <FileInfo>
        <Attr Name="AutoDisabled" Val="1"/>
        <Attr Name="ImportPath" Val="$PPRDIR/../../../../gt-cs3220.github.io/Fall_2022/proj2/tests/towers/util.h"/>
        <Attr Name="ImportTime" Val="1668130911"/>
        <Attr Name="UsedIn" Val="synthesis"/>
        <Attr Name="UsedIn" Val="simulation"/>
      </FileInfo>
    </File>
    <File Path="$PSRCDIR/sources_1/imports/Fall_2022/proj2/tests/include/test_macros.h">
      <FileInfo>
        <Attr Name="AutoDisabled" Val="1"/>
        <Attr Name="ImportPath" Val="$PPRDIR/../../../../gt-cs3220.github.io/Fall_2022/proj2/tests/include/test_macros.h"/>
        <Attr Name="ImportTime" Val="1668130911"/>
        <Attr Name="UsedIn" Val="synthesis"/>
        <Attr Name="UsedIn" Val="simulation"/>
      </FileInfo>
    </File>
    <File Path="$PSRCDIR/sources_1/imports/Fall_2022/proj2/tests/include/riscv_test.h">
      <FileInfo>
        <Attr Name="AutoDisabled" Val="1"/>
        <Attr Name="ImportPath" Val="$PPRDIR/../../../../gt-cs3220.github.io/Fall_2022/proj2/tests/include/riscv_test.h"/>
        <Attr Name="ImportTime" Val="1668130911"/>
        <Attr Name="UsedIn" Val="synthesis"/>
        <Attr Name="UsedIn" Val="simulation"/>
      </FileInfo>
    </File>
    <File Path="$PSRCDIR/sources_1/imports/towers/towers.mem">
      <FileInfo>
        <Attr Name="ImportPath" Val="$PPRDIR/../../../../gt-cs3220.github.io/Fall_2022/proj2/tests/towers/towers.mem"/>
        <Attr Name="ImportTime" Val="1668130911"/>
        <Attr Name="UsedIn" Val="synthesis"/>
        <Attr Name="UsedIn" Val="simulation"/>
      </FileInfo>
    </File>
    <Config>
      <Option Name="DesignMode" Val="RTL"/>
      <Option Name="TopModule" Val="design_1_wrapper"/>
    </Config>
  </FileSet>
  <FileSet Name="constrs_in" Type="Constrs" RelSrcDir="$PSRCDIR/constrs_1">
    <Filter Type="Constrs"/>
    <Config>
      <Option Name="ConstrsType" Val="XDC"/>
    </Config>
  </FileSet>
  <FileSet Name="utils" Type="Utils" RelSrcDir="$PSRCDIR/utils_1">
    <Filter Type="Utils"/>
    <Config>
      <Option Name="TopAutoSet" Val="TRUE"/>
    </Config>
  </FileSet>
  <Strategy Version="1" Minor="2">
    <StratHandle Name="Vivado Synthesis Defaults" Flow="Vivado Synthesis 2020"/>
    <Step Id="synth_design"/>
  </Strategy>
  <BlockFileSet Type="BlockSrcs" Name="design_1_processing_system7_0_0"/>
  <BlockFileSet Type="BlockSrcs" Name="design_1_rst_ps7_0_50M_0"/>
  <BlockFileSet Type="BlockSrcs" Name="design_1_comm_0_0"/>
  <BlockFileSet Type="BlockSrcs" Name="design_1_project2_frame_0_0"/>
</GenRun>
